{"stat.chestOpened":2,"stat.useItem.minecraft.jungle_boat":1,"stat.walkOneCm":12971,"stat.boatOneCm":142580,"stat.craftItem.minecraft.jungle_boat":1,"stat.craftItem.minecraft.planks":180,"stat.pickup.minecraft.wooden_axe":1,"stat.mineBlock.minecraft.vine":4,"stat.mineBlock.minecraft.sea_lantern":1,"stat.damageTaken":240,"stat.mineBlock.minecraft.log":2,"stat.pickup.minecraft.prismarine_crystals":3,"stat.pickup.minecraft.log":45,"stat.flyOneCm":4350,"stat.deaths":1,"stat.jump":56,"stat.mineBlock.minecraft.leaves":3,"stat.playOneMinute":9382,"stat.fallOneCm":2057,"stat.timeSinceDeath":237,"stat.useItem.minecraft.wooden_axe":1,"stat.sprintOneCm":2703,"stat.craftItem.minecraft.wooden_pickaxe":1,"stat.diveOneCm":9655,"stat.craftItem.minecraft.stick":24,"stat.craftingTableInteraction":5}