{"stats":{"minecraft:killed_by":{"alexsmobs:elephant":1},"minecraft:crafted":{"minecraft:oak_planks":20,"minecraft:crafting_table":1,"minecraft:stick":28,"minecraft:wooden_axe":1,"minecraft:birch_planks":4},"minecraft:used":{"minecraft:oak_log":1,"minecraft:wooden_axe":60,"minecraft:melon":1,"minecraft:melon_slice":5,"minecraft:golden_leggings":1,"minecraft:crafting_table":1,"alexsmobs:banana":1,"minecraft:golden_axe":2},"minecraft:picked_up":{"minecraft:birch_log":1,"minecraft:stick":5,"minecraft:jungle_log":60,"minecraft:dandelion":1,"minecraft:oak_log":6,"minecraft:melon":3,"butchersdelight:deadsheep":5,"minecraft:wheat_seeds":1,"alexsmobs:banana":2,"minecraft:hay_block":2,"minecraft:jungle_sapling":9,"minecraft:melon_slice":7,"minecraft:white_wool":2},"minecraft:mined":{"minecraft:birch_log":1,"butchersdelight:deadsheepblock":3,"minecraft:grass":1,"minecraft:oak_log":6,"minecraft:melon":2,"minecraft:vine":2,"minecraft:jungle_log":60,"minecraft:tall_grass":1,"minecraft:oak_leaves":7},"minecraft:broken":{"minecraft:wooden_axe":1},"minecraft:custom":{"minecraft:time_since_rest":10789,"minecraft:sprint_one_cm":42934,"minecraft:damage_taken":272,"minecraft:walk_one_cm":56076,"minecraft:damage_dealt":40,"minecraft:swim_one_cm":701,"minecraft:interact_with_crafting_table":2,"minecraft:fly_one_cm":53196,"minecraft:open_chest":2,"minecraft:play_time":17231,"minecraft:deaths":1,"minecraft:sneak_time":21,"minecraft:walk_under_water_one_cm":1137,"minecraft:jump":224,"minecraft:walk_on_water_one_cm":3038,"minecraft:time_since_death":10639,"minecraft:sleep_in_bed":1,"minecraft:climb_one_cm":250,"minecraft:total_world_time":17231,"minecraft:fall_one_cm":6301}},"DataVersion":3465}