{"stats":{"minecraft:killed_by":{"alexsmobs:elephant":1},"minecraft:killed":{"minecraft:zombie":1,"minecraft:drowned":1},"minecraft:crafted":{"minecraft:oak_planks":20,"minecraft:crafting_table":2,"minecraft:wooden_pickaxe":1,"minecraft:birch_planks":4,"minecraft:cooked_mutton":2,"minecraft:air":0,"minecraft:jungle_planks":52,"minecraft:stick":28,"minecraft:iron_ingot":4,"minecraft:stone_pickaxe":1,"minecraft:wooden_axe":1,"minecraft:chest":1},"minecraft:used":{"minecraft:cooked_mutton":1,"minecraft:melon":1,"minecraft:birch_planks":3,"minecraft:stone_pickaxe":23,"minecraft:chest":1,"minecraft:wooden_pickaxe":3,"minecraft:orange_bed":1,"minecraft:crafting_table":2,"minecraft:red_bed":1,"minecraft:jungle_planks":4,"minecraft:granite":1,"minecraft:oak_log":1,"minecraft:wooden_axe":60,"minecraft:melon_slice":5,"minecraft:golden_leggings":1,"minecraft:cobblestone":2,"alexsmobs:banana":1,"minecraft:golden_axe":11},"minecraft:dropped":{"minecraft:jungle_planks":26,"alexsmobs:banana":1},"minecraft:picked_up":{"minecraft:birch_log":1,"minecraft:jungle_log":60,"minecraft:oak_log":6,"minecraft:red_bed":1,"minecraft:bone":1,"butchersdelight:cleaver":1,"minecraft:wheat_seeds":1,"alexsmobs:banana":2,"minecraft:jungle_sapling":9,"minecraft:melon_slice":7,"minecraft:stick":5,"minecraft:dandelion":1,"minecraft:jungle_planks":1,"minecraft:melon":4,"minecraft:orange_bed":1,"butchersdelight:sheephide":1,"butchersdelight:deadsheep":5,"minecraft:rotten_flesh":2,"minecraft:hay_block":2,"minecraft:granite":1,"butchersdelight:roaster":1,"minecraft:mutton":2,"minecraft:coal":19,"minecraft:white_wool":2,"minecraft:cobblestone":6},"minecraft:mined":{"minecraft:red_bed":1,"butchersdelight:deadsheepblock":3,"minecraft:granite":1,"minecraft:melon":2,"minecraft:jungle_planks":1,"minecraft:jungle_log":60,"minecraft:tall_grass":1,"minecraft:cobblestone":1,"minecraft:birch_log":1,"minecraft:grass":1,"minecraft:vine":2,"minecraft:oak_log":6,"minecraft:coal_ore":19,"minecraft:stone":5,"minecraft:oak_leaves":7,"minecraft:orange_bed":1},"minecraft:broken":{"minecraft:wooden_axe":1},"minecraft:custom":{"minecraft:interact_with_furnace":8,"minecraft:mob_kills":2,"minecraft:interact_with_crafting_table":5,"minecraft:bell_ring":8,"minecraft:leave_game":1,"minecraft:time_since_death":20730,"minecraft:sleep_in_bed":2,"minecraft:climb_one_cm":250,"minecraft:time_since_rest":101,"minecraft:sprint_one_cm":53249,"minecraft:damage_taken":295,"minecraft:walk_one_cm":91149,"minecraft:drop":2,"minecraft:damage_dealt":440,"minecraft:swim_one_cm":701,"minecraft:fly_one_cm":67069,"minecraft:open_chest":5,"minecraft:crouch_one_cm":65,"minecraft:play_time":27322,"minecraft:deaths":1,"minecraft:sneak_time":52,"minecraft:walk_under_water_one_cm":1250,"minecraft:jump":312,"minecraft:walk_on_water_one_cm":3539,"minecraft:total_world_time":27322,"minecraft:fall_one_cm":7613}},"DataVersion":3465}