{"stat.chestOpened":2,"stat.craftItem.minecraft.stone_shovel":1,"stat.walkOneCm":26229,"stat.drop.minecraft.wooden_shovel":1,"stat.craftItem.minecraft.jungle_boat":1,"stat.drop.gravestone.death_info":1,"stat.pickup.minecraft.stick":1,"stat.drop.minecraft.wooden_pickaxe":1,"stat.leaveGame":1,"stat.mineBlock.minecraft.vine":1,"stat.pickup.minecraft.crafting_table":1,"stat.craftItem.minecraft.crafting_table":1,"stat.pickup.minecraft.log":45,"stat.useItem.minecraft.melon":12,"stat.jump":599,"stat.swimOneCm":16324,"stat.fallOneCm":15246,"stat.climbOneCm":2793,"stat.useItem.minecraft.stone_axe":1,"stat.pickup.minecraft.sapling":1,"stat.pickup.minecraft.dirt":7,"stat.sprintOneCm":67872,"stat.useItem.minecraft.stone_slab2":3,"stat.pickup.minecraft.melon":19,"stat.craftItem.minecraft.stick":20,"stat.craftItem.minecraft.wooden_axe":1,"stat.craftingTableInteraction":6,"stat.useItem.minecraft.jungle_boat":1,"stat.boatOneCm":140919,"stat.craftItem.minecraft.planks":180,"stat.craftItem.minecraft.stone_axe":1,"stat.damageTaken":900,"stat.mineBlock.minecraft.crafting_table":1,"stat.mineBlock.minecraft.melon_block":5,"stat.craftItem.minecraft.stone_pickaxe":1,"stat.useItem.minecraft.wooden_pickaxe":14,"stat.useItem.minecraft.wooden_shovel":7,"stat.pickup.minecraft.cobblestone":14,"stat.mineBlock.minecraft.log":91,"stat.pickup.minecraft.reeds":7,"stat.flyOneCm":121535,"stat.pickup.minecraft.bed":2,"stat.deaths":3,"stat.drop":4,"stat.mineBlock.minecraft.leaves":204,"stat.playOneMinute":24154,"stat.craftItem.minecraft.wooden_shovel":1,"stat.sneakTime":120,"stat.sleepInBed":1,"stat.timeSinceDeath":9899,"stat.useItem.minecraft.wooden_axe":11,"stat.mineBlock.minecraft.dirt":7,"stat.craftItem.minecraft.wooden_pickaxe":1,"stat.mineBlock.minecraft.stone":14,"stat.mineBlock.minecraft.tallgrass":4,"stat.diveOneCm":26636,"stat.drop.minecraft.wooden_axe":1}