{"stats":{"minecraft:killed":{"minecraft:skeleton":1,"alexsmobs:flying_fish":1},"minecraft:crafted":{"minecraft:stone_shovel":1,"butchersdelight:hook":2,"minecraft:crafting_table":5,"minecraft:iron_nugget":27,"minecraft:wooden_pickaxe":1,"minecraft:furnace":1,"butchersdelight:cleaver":1,"minecraft:bread":24,"butchersdelight:rack":1,"butchersdelight:roaster":1,"minecraft:stick":20,"minecraft:iron_ingot":10,"minecraft:stone_pickaxe":1,"minecraft:wooden_axe":1,"minecraft:acacia_planks":76,"minecraft:torch":12,"minecraft:wheat":72},"minecraft:used":{"minecraft:stone_shovel":8,"minecraft:stone_pickaxe":125,"minecraft:wooden_pickaxe":9,"butchersdelight:hook":2,"minecraft:rotten_flesh":1,"minecraft:torch":6,"minecraft:dirt":31,"minecraft:crafting_table":5,"minecraft:wooden_axe":34,"minecraft:acacia_door":1,"minecraft:bread":5,"minecraft:furnace":1,"alexsmobs:banana":1,"minecraft:acacia_planks":34,"butchersdelight:rack":1},"minecraft:picked_up":{"minecraft:dirt":37,"minecraft:raw_copper":4,"minecraft:acacia_door":1,"minecraft:bone":2,"minecraft:bow":1,"minecraft:wheat_seeds":1,"alexsmobs:banana":1,"minecraft:poppy":2,"minecraft:acacia_sapling":7,"minecraft:stick":1,"minecraft:raw_iron":14,"minecraft:sandstone":1,"minecraft:torch":2,"minecraft:acacia_log":19,"minecraft:sand":2,"minecraft:jungle_planks":26,"butchersdelight:sheephide":2,"minecraft:arrow":2,"butchersdelight:deadsheep":3,"minecraft:rotten_flesh":1,"minecraft:hay_block":8,"minecraft:mutton":6,"minecraft:coal":23,"alexsmobs:flying_fish":1,"minecraft:cobblestone":90},"minecraft:dropped":{"butchersdelight:sheephide":1,"butchersdelight:roaster":1,"butchersdelight:cleaver":1},"minecraft:mined":{"butchersdelight:deadsheepblock":3,"minecraft:acacia_log":19,"minecraft:grass_block":1,"minecraft:tall_grass":2,"minecraft:copper_ore":1,"minecraft:sandstone":1,"minecraft:hay_block":8,"minecraft:iron_ore":15,"minecraft:grass":2,"minecraft:coal_ore":23,"minecraft:sand":2,"minecraft:dirt":5,"minecraft:stone":91},"minecraft:custom":{"minecraft:interact_with_furnace":7,"minecraft:mob_kills":2,"minecraft:interact_with_crafting_table":15,"minecraft:leave_game":3,"minecraft:time_since_death":50721,"minecraft:sleep_in_bed":2,"minecraft:time_since_rest":516,"minecraft:sprint_one_cm":53521,"minecraft:damage_taken":225,"minecraft:walk_one_cm":49364,"minecraft:drop":3,"minecraft:damage_dealt":270,"minecraft:swim_one_cm":688,"minecraft:fly_one_cm":18072,"minecraft:open_chest":2,"minecraft:crouch_one_cm":1541,"minecraft:play_time":50721,"minecraft:sneak_time":575,"minecraft:walk_under_water_one_cm":2817,"minecraft:jump":154,"minecraft:walk_on_water_one_cm":3310,"minecraft:total_world_time":50721,"minecraft:fall_one_cm":3880}},"DataVersion":3465}