{"stats":{"minecraft:used":{"minecraft:oak_log":9,"minecraft:crafting_table":2,"minecraft:wooden_axe":34},"minecraft:picked_up":{"minecraft:wooden_axe":2,"minecraft:stripped_oak_log":3,"minecraft:stick":10,"patchouli:guide_book":2,"alexsmobs:bison_fur":1,"minecraft:beef":6,"minecraft:oak_log":42,"minecraft:crafting_table":1,"minecraft:oak_sapling":27,"minecraft:sugar_cane":2,"mca:book_romance":2,"minecraft:oak_planks":3},"minecraft:killed_by":{"alexsmobs:bison":2},"minecraft:custom":{"minecraft:time_since_rest":3411,"minecraft:damage_taken":760,"minecraft:crouch_one_cm":317,"minecraft:play_time":16178,"minecraft:walk_one_cm":20117,"minecraft:sprint_one_cm":79401,"minecraft:deaths":3,"minecraft:sneak_time":282,"minecraft:walk_under_water_one_cm":278,"minecraft:mob_kills":1,"minecraft:jump":309,"minecraft:damage_dealt":400,"minecraft:leave_game":2,"minecraft:time_since_death":3381,"minecraft:walk_on_water_one_cm":6865,"minecraft:sleep_in_bed":1,"minecraft:total_world_time":16178,"minecraft:swim_one_cm":2708,"minecraft:interact_with_crafting_table":2,"minecraft:fall_one_cm":13451,"minecraft:fly_one_cm":66003},"minecraft:killed":{"alexsmobs:bison":1},"minecraft:mined":{"minecraft:grass":1,"minecraft:oak_log":23,"minecraft:stripped_oak_log":1,"minecraft:crafting_table":1,"gravestone:gravestone":1},"minecraft:crafted":{"minecraft:oak_planks":24,"minecraft:crafting_table":2,"minecraft:stick":12,"minecraft:wooden_axe":1}},"DataVersion":3465}