{"stats":{"minecraft:killed":{"minecraft:skeleton":1,"alexsmobs:flying_fish":1},"minecraft:crafted":{"minecraft:crafting_table":3,"minecraft:stick":12,"minecraft:wooden_pickaxe":1,"minecraft:stone_pickaxe":1,"minecraft:wooden_axe":1,"minecraft:acacia_planks":76,"minecraft:torch":12,"minecraft:bread":24,"minecraft:wheat":72},"minecraft:used":{"minecraft:wooden_axe":34,"minecraft:stone_pickaxe":38,"minecraft:bread":4,"minecraft:wooden_pickaxe":9,"minecraft:rotten_flesh":1,"minecraft:dirt":31,"minecraft:crafting_table":3,"minecraft:acacia_planks":22},"minecraft:picked_up":{"minecraft:raw_iron":14,"minecraft:stick":1,"minecraft:torch":2,"minecraft:acacia_log":19,"minecraft:dirt":31,"minecraft:acacia_door":1,"minecraft:arrow":2,"minecraft:bone":1,"minecraft:rotten_flesh":1,"minecraft:bow":1,"minecraft:wheat_seeds":1,"minecraft:hay_block":8,"minecraft:poppy":2,"minecraft:coal":18,"minecraft:acacia_sapling":7,"minecraft:cobblestone":6,"alexsmobs:flying_fish":1},"minecraft:mined":{"minecraft:hay_block":8,"minecraft:iron_ore":15,"minecraft:grass":2,"minecraft:acacia_log":19,"minecraft:coal_ore":21,"minecraft:tall_grass":2,"minecraft:stone":8},"minecraft:custom":{"minecraft:time_since_rest":10588,"minecraft:sprint_one_cm":45449,"minecraft:damage_taken":225,"minecraft:walk_one_cm":29675,"minecraft:mob_kills":2,"minecraft:damage_dealt":270,"minecraft:swim_one_cm":688,"minecraft:interact_with_crafting_table":5,"minecraft:fly_one_cm":16154,"minecraft:open_chest":1,"minecraft:crouch_one_cm":1255,"minecraft:play_time":40215,"minecraft:sneak_time":290,"minecraft:walk_under_water_one_cm":2817,"minecraft:jump":106,"minecraft:leave_game":2,"minecraft:time_since_death":40215,"minecraft:walk_on_water_one_cm":3310,"minecraft:sleep_in_bed":1,"minecraft:total_world_time":40215,"minecraft:fall_one_cm":3880}},"DataVersion":3465}